y_true_mm_yr,y_pred_mm_yr
1.8110915931577543,1.9171952994365602
1.124706803366361,1.3006013187856111
23.942938144158664,26.258806169233427
74.61103125651275,71.6776752907538
1.5340949608122185,1.4121763160323417
9.309146646774758,7.980500981042399
47.95753699208366,47.444175133178646
33.11718894255871,34.04299305804713
1.2024919806678114,1.2870988963826882
12.936435148347146,12.122996691070751
1.2801969882300008,0.9195925484080173
17.17760607326872,16.05659124826161
6.188330680744853,4.948883247986851
6.3117521703710295,5.252071960284594
42.67123454596429,38.62798199001542
10.896721334923265,10.597851953962154
35.97268164402537,33.291599323112614
4.956253956471095,5.09371420070332
8.550847374796481,9.9429892842299
9.633842254697518,10.234651429208819
36.65992206240829,39.482425390173645
2.820533007955279,4.073772587228284
9.590215312630871,8.842947243856946
8.4602816603431,8.994579858828892
5.6672307085845635,5.406245307435871
12.016745143806043,10.248136551135971
9.552712229188206,11.454625754370536
4.738893966283187,6.774957823471117
25.579459359811867,23.75287228082572
2.4613984409440195,1.9233264333625293
38.38754398080608,38.71215035880999
27.710386474645517,24.70745995496333
15.700802739282366,16.292801715476553
24.163569383498864,22.767476139518088
2.1945925938779527,1.8813002091079343
8.160329734333857,6.51696555669055
6.7457536357190975,7.095501698190068
4.0139459312338,4.163475492132371
3.3583119656094493,3.18088691376649
19.971072780555087,18.308433462634188
34.45680400117339,33.01512889154299
33.751789555072335,31.849153287195723
6.704537483849484,7.301562757439131
19.512710788666794,18.23821451420257
2.5831214238834312,2.746979918792791
3.395170578462084,4.016471192949703
15.604600347818646,14.376506905086726
19.978184795751343,20.007033195491715
5.699428650326811,5.457447141982415
11.360931840420017,7.7309584294067495
63.70783976003553,56.71496054115714
59.53103665744468,54.71784954834111
26.717684654331197,26.893922256957584
18.224462152315283,18.114308436329665
8.70906536193511,6.977129862018502
23.59838635651432,25.870006734745477
16.661664551305854,14.177419379056545
66.32317982207967,66.97063265517073
6.886741502619051,7.051169126907324
4.032037396579452,3.8378588993256932
9.609224909464825,9.02005234096983
50.31939882117443,51.31654953780451
64.2502758415721,63.63472705427837
0.7236381180797151,0.8177612753397487
7.674259553285432,7.825986180830973
38.426954475566525,36.0116360987517
27.580398267330267,27.369293322246364
3.6519065350163467,3.4910268743980173
18.660402199456335,18.846698724032326
9.833742167851385,6.8442254783162895
25.240614873042674,20.446758014816858
4.505854575057733,4.932773381183874
3.0280926490212936,3.119504406757559
4.386411780238056,4.81717116675273
12.039294153648317,8.508978301472537
8.700837929599817,10.898182635579518
31.51747191680594,32.34794613059413
10.995115569535372,11.29809731026746
4.127372887832387,4.84886384747078
13.62036189864572,13.458052295351605
11.733584929204659,6.9972132023741125
15.507820404042725,13.805350764821318
3.8083840850542585,3.985796893567174
20.738381570531544,16.66542681186582
2.869214876030872,3.127762734555723
5.468792008274898,6.2398809250729235
3.419024710111418,2.8985545196565754
6.9805436639902085,6.982502786154832
45.27860105784081,45.82474877487887
37.504719801764224,34.20292313370803
6.140831463085585,5.691288876165247
39.78567985842311,38.320839490214894
4.98248464502648,4.77875878265025
0.844555616908462,0.9523731769091894
2.151773780542563,2.4302928650892435
6.905104527036231,6.92928271625727
3.741142942032796,3.8387608252462644
26.522523512136875,27.09026873261478
26.946859853360703,26.806459362199465
5.623164156172638,4.976307830909576
21.054195385942954,22.9849190653295
4.188826380792618,4.495482138734733
3.196737761575037,2.9500628383209233
12.602116933850743,10.695400151395667
14.226418027170494,12.917688204035871
3.8365510556653284,4.573360254153037
14.617743606887664,15.20137914077359
8.997147483975962,9.413922265756884
2.9641950018854555,2.9516964182899894
4.654500068023736,4.4736544373717875
3.0729995105337347,3.465239030311541
3.527572573505411,3.710026962318228
7.4483046707880245,6.007095140049691
73.7975877173972,72.64213102229171
9.93877258351962,11.510674442086879
1.555995375886952,1.5854002398394895
10.04061843979531,10.412499437808053
9.48501268051832,9.226116475607093
2.2335538560934416,2.21909594359109
32.95572032643719,26.993759991064838
14.21906321011488,13.701581067088417
11.596183746980813,12.798502464415646
6.694551228907019,5.677606701454474
11.119988295254583,10.538759109036643
1.1411489291742893,1.1983227677513288
8.099716241249027,8.568714405082542
6.925328890165241,6.112440473199114
18.20937068314084,16.347007072656314
36.69703707751731,37.458620840477906
1.626242749562394,1.4468326942557401
32.15231957365349,32.30606171210216
3.0835239197961712,3.047791728670069
3.120240185579415,3.492037642338126
1.1647635270165002,1.3332409461590904
9.345803077335901,9.525849162695964
30.421972959417438,29.197129639168544
14.445550322930966,13.618442247243294
53.06825007573587,56.315822703691076
1.8027398066110543,2.0805422967617666
10.42014202653361,11.466433083666773
42.22482792067224,37.917956073011126
24.750992697200864,26.279897064000263
5.919583628419595,5.814348083320214
11.415523431645862,11.801878029584422
68.16332540097022,66.06301017047971
50.05539098396868,49.00703074589601
1.6861543250246203,2.5190365312870937
21.751698963628012,21.50578388192372
18.344800498382796,17.91328124547321
1.8989812871108167,1.8513177335295126
84.3435160482083,84.59864856754511
2.8249674022462297,3.3933530773980727
0.8403295143807943,1.150333880708831
14.877149679208198,16.256803732174706
3.9074637901548748,5.492706417075419
2.0439546775653428,1.9797573573601124
7.579906965046074,7.473884617931314
2.307013155284044,2.583235514718315
6.794630561552736,5.593044666013382
7.108301479244805,6.781268492279216
22.186307193409043,21.58605746131298
8.600952957314668,9.168114524231184
29.838527000167986,32.42124101592592
5.33476201915016,4.453026151512812
24.7658880218462,24.169825281472082
24.119612882232495,20.988197139752835
6.779448711738169,7.726800962913115
29.598568080454044,29.589115093750987
14.006708006045267,14.274981417601353
37.98629118786481,33.77236830828867
15.588759819818959,14.78520580242574
34.988263827810506,34.9823253575755
6.206107993729305,5.914579868755341
46.2225609533522,44.563083512932906
61.62006099571105,63.49329242111052
0.938195935885957,1.3288135032962853
10.490252445504547,10.707636770108802
3.7412679059791976,4.170165167900544
23.12732568739628,20.68801257953318
2.9302860689864514,3.810303172970303
1.8559154841159702,2.023148954798503
19.771519499644388,19.582297319699187
9.675212874493885,10.0560459474802
4.811619811814318,6.231628262842869
56.0507033336964,56.64826829766489
0.27109853304232795,0.29420088507047004
50.63533123327739,48.269955023717316
5.698265456959373,6.141882199282083
4.851966849952538,4.713624338211222
50.873707428638866,50.39216476305496
1.5199694431804718,1.9413367610012124
0.6611277150015125,0.8481390772256316
47.125198797285165,45.94117281004614
1.0665393636358822,0.9881225631189617
18.882282703939744,19.302235959095256
0.22883463569705287,0.26370426816340603
12.650859555687216,11.790264751580946
38.580737206378444,38.09783442366914
16.6248515102865,16.84020722211446
14.61887807257996,14.405906134018444
13.313582721038902,13.778675435125125
7.7690923496861055,7.888369047690268
6.713716866830755,6.798386011938479
3.2651227710193123,3.213602557670498
2.4015274385756094,2.2139649843939075
2.0995195793321155,1.9155093602207476
0.5342500352193791,0.7490905511832002
5.075273645497239,4.559389836729079
6.502515873946897,6.168947612810635
43.714814185651356,42.68585676527468
3.5425717765310454,3.695849095031906
35.006030465077636,34.043131738148006
1.1831917561699095,1.449459604411589
16.454699172660966,16.75906886460072
6.859258881389612,6.562920699598568
6.40854308275523,6.764613280290737
48.39542007120368,46.91851180297725
6.784937262199416,7.399526979085454
12.351076502478387,13.62604743698433
18.412506816759286,18.197869366362525
5.450272573354833,5.011153136488995
47.54484421435253,47.6986685478563
67.46287452986492,67.29436909582788
11.863079040033124,12.349494728892003
82.58488160199441,81.06114924748047
20.75021217703839,20.17194929823447
21.103589196766347,20.360672876936558
7.32050601454797,6.304782904252778
6.569455310464917,6.178995847138198
1.4655476898596422,1.187921559485442
74.4739677552657,66.20323189788665
4.0382794727919435,4.649491697747676
91.55579862049679,93.64324233200927
0.5320125134096538,0.7223698193945297
15.392584616638393,15.14469931218881
10.041632320728878,9.366440422347711
12.34306494139439,10.525161080740054
27.478460824027163,25.986049738248646
6.291925940340837,6.85966408337106
14.849430934713341,16.500831033868604
12.372758284463412,11.856795711205638
55.87459782755005,63.419260127687096
4.882457097753958,5.2557529827957605
2.415858535422791,1.9552428815001686
14.132674250462472,13.181788825354218
25.05065866625827,25.095574813235046
15.205144008617415,15.554680202196316
38.41614169275013,35.62114240306743
0.9047137185610227,0.9224463934188436
30.865150520770253,36.805040641736255
8.921609983995337,7.082383300796674
5.380244588454105,4.8173057173218465
1.5865461985541784,1.3161782933854052
11.545197852707005,10.624577903605328
30.13986236143414,25.517926117164958
2.133771626164223,1.9826769494370076
30.104420061296892,29.319492844837235
49.077734374530024,47.13592499979763
44.19209556568056,45.20934095092262
15.19211851918953,15.019197245572638
4.6306412450682,5.012332945861851
2.7982006882901946,2.5687557028171963
0.9601483527793653,0.9167315041076302
7.771614741714082,6.973627206630011
5.117661209384181,5.437578302731874
7.182952635340387,8.367141020834476
33.322678235145396,33.48049077632809
35.3130084992797,34.66694662470616
11.30855855428702,11.514999545294451
0.2050915407132739,0.2242588942651937
35.39786507175322,39.57791401954759
36.33620981659373,38.37381401284904
0.22566518055538437,0.22063642868109118
18.557915800132058,20.45321385871722
1.4992675941622853,1.4140929749804796
22.928993032722744,21.25198745608769
2.761455461224449,2.5976148890295696
14.177648394089223,13.354653765979858
31.939188339042364,32.924563208386516
9.237786778053334,9.374992761841131
23.032451624814346,20.996782911259448
2.757137769221318,2.5168500044269377
28.596728217964408,29.6437315108573
36.50510847757196,33.82248287697311
1.3696203905018811,2.2785319320468815
93.42270197081297,89.27709679936476
8.991006091871952,7.8639588033661845
7.32519932805149,8.264397467490856
4.572414732065991,4.933389789725624
1.6741403622334508,1.6116167572093745
6.933258935175368,7.273102001594535
2.6403012983944922,3.108808737147367
33.1987020580171,35.94139411915507
2.485291897085902,2.944375328774492
31.873223485548515,36.35254858567134
21.626907527729756,19.6225116602196
19.17725518252369,20.067873229839687
9.096941392157088,8.253108305543096
1.317234955929611,1.5671954276130526
5.791501176172288,6.491907310131114
5.82045986179664,5.283883501929712
26.663706875194077,27.07053036575809
19.782440967653343,20.128671686824866
5.963893735625783,5.53402892921839
1.9165167678125958,1.911716128660176
21.73541984078762,20.059541306548674
23.954765240030394,28.080343752184046
8.868997765387748,8.613475111771827
4.550880728553902,4.544158855872352
2.9495831692651064,3.046484401583734
49.23133560277293,48.05387315369783
72.62584457621156,75.69042680258713
55.93002331707675,54.47311147981757
13.444618703392859,13.699832405725902
6.3475888585880025,5.049896130881728
3.6672191874015745,2.784709725467741
1.033149521627587,1.0179272679130977
28.544544958566284,23.504432008721352
51.033635343153065,50.848031076700245
0.4945072533460787,0.5737565102985307
12.524349433939177,10.408836696164151
3.0950346742294186,2.7541431366268823
6.672880655604947,7.075444514885698
10.837505214650587,10.951246026734665
3.1650258201548778,4.283315571031469
7.834462113929246,8.756580794602076
10.544181118940035,9.166389082074687
10.494935465089346,9.536288712881548
7.403138030348256,8.073964220154755
26.133937397146532,21.97075469278767
52.621026406901656,51.724056070625764
22.53714711933574,23.787701055917402
69.75694573254803,69.95108912575964
40.09659795576179,37.970264450595295
18.625457419413507,19.568777585382495
11.733526533846332,12.235860356611301
2.8291325672183456,2.742354765576471
8.603385476255879,7.155783129295057
13.232486194299675,14.323597848436032
18.409870598333985,18.458795107345203
2.0169303847668503,1.6506933099582775
16.21335529949388,15.787492404222265
9.418893790566877,9.539115789510776
13.641652922400253,13.077460525034537
26.595556675430615,27.34935297763906
12.67355664612654,12.86335970433136
4.132000962952572,3.9962468947630083
15.524043284219895,16.903939222204567
1.4302050346897939,1.5979327963822756
49.579898691699626,50.47659708559003
6.861938110504227,7.401335741937013
0.9052461450049418,1.1072993866443606
11.581430142777256,9.989328958272452
4.118257856448284,3.948949927694654
5.55807226712566,7.053699084861027
15.079697715474527,15.152308844262002
10.597292551754963,10.172111247835995
36.909165584573586,36.36649941384443
3.0549137517497504,3.724137081124887
6.221039100460588,6.824932095556446
0.8439339438831241,0.8417623121558881
59.666108115600636,61.186907646064704
66.85921278795878,66.13207391821287
10.956924249323707,9.47408347150038
18.130935340933917,17.229716298099568
17.45524210905434,16.246678549152175
25.481132521772516,22.29663441438966
17.432459552688442,14.971013207470016
7.071857035613177,6.517770591312883
8.508900236674146,6.350952370405332
12.623215212543576,12.063099691018657
9.111744359526607,9.385341542208346
2.8795995592847854,2.75096872791634
2.2014245511473267,2.698400481190379
11.691920354634586,12.066377075829951
0.9907308204519933,1.0705571837755061
28.741923300136925,29.91460948921067
4.723890180522591,4.8157091517904425
24.333899758964748,25.744773015892022
35.56436677485154,34.88143363166667
3.367472891955952,3.3660407316042895
54.596058323860234,58.420182437974674
20.24282335039163,18.12237718470702
1.1846070691305957,1.3115155331016919
46.31597206075953,39.96345081936343
17.50055542172731,16.007101732199168
44.36103689685891,40.13928189694356
3.486303173969287,3.1559741137910446
5.380500255414353,4.855634668087172
0.9846498180171522,0.8030164712641886
6.026658473817199,6.260577813377044
18.916121510231584,17.755124863652373
3.36340002590108,3.377024812004395
44.6079541386581,45.805101424734886
53.769332071903555,53.19069404319023
3.282829593469043,2.8075971450313384
7.714977343350266,7.217748816188261
41.77153141581416,41.27343177743366
5.557358674203851,5.341350357705673
0.33542571596609916,0.420187413570674
7.475935712574708,6.737009336576737
5.643732695496267,5.360731492423839
2.1130138222007093,2.5190713496792627
4.7944330424501445,4.400372443623657
29.644309361127995,26.285968577992374
36.04269358865065,37.58179897815345
14.277158739263134,12.656740219340966
2.2922031608018485,2.5136218704327833
10.931788046378381,11.198636554026836
20.893006568711552,20.991969615245313
3.9974422434966326,4.4500034652466365
3.470076870112888,2.427347213887563
59.460186411522216,57.417591932576066
43.293131480704645,40.485360778847955
5.176144937879044,5.923330991260558
3.5279603103265433,2.6823084411324176
5.336509931963936,5.224093393708151
13.275103347816112,17.70288413552297
1.1180076638087277,2.752710579805072
1.8728265434089524,1.738988353689928
42.971590165325885,40.24820888583086
1.5925931999268133,1.623554624016075
1.7587167667330745,2.731134408163593
1.527809384320182,1.5704154201401865
4.975962357902703,4.947013513066063
23.198349929469043,18.621904699357202
3.6243765295598864,4.0041874076494155
3.506363032969552,4.370161110974762
65.10785616954978,66.47275771306639
88.01803119416769,98.33601368896933
1.3090405851000138,1.2731183732080644
15.17590872528199,12.902917288126456
4.014579120723621,4.528748473178798
0.652452671461466,0.6017357911664616
1.1207324401357495,1.4414102247194351
34.95790492394956,32.39665796219547
46.95809945845138,43.90700563329279
19.740042655228446,19.608706535506233
7.238983212603968,8.078685046021793
6.077506194747557,5.0555288455641785
32.971401774417764,33.976816765026776
16.215630194907373,16.356885073961227
7.467315550898924,8.765365998803112
49.23052755119423,43.46528364122182
52.12389945318801,55.48309829673342
39.18517320660339,43.63145162993269
4.004269908242388,4.36613368159128
28.450135855872045,22.528796283233444
25.786153702860737,21.689231012480608
32.78930917068137,32.045659553310436
11.709587653394127,13.995391098614563
7.35083647528831,8.51553115096972
17.456018479601696,18.37891634899389
1.3722709154344683,1.5511636045208614
5.102551590261481,6.319775146494889
2.595786220101089,3.0472461626718035
35.46572605658633,36.5468329167907
18.10324211925089,20.40109401663762
12.010189722947059,11.94650045176291
1.0431826331592287,1.0847546088390156
25.94328934858072,23.358917980712896
4.469516547049273,4.295139618202667
7.3324922835059665,6.810847250522076
18.62955166189776,20.881092641863003
95.27050394905264,97.15023357820381
62.34813897979898,59.05069836304251
11.953693313893362,10.272158854555347
30.219702063266716,32.8451641475924
7.218441048389592,7.024625913478731
3.580823937410795,3.064053036846485
2.539124139764158,2.6358238234439435
5.4272301338305615,6.2628703712645
2.4345868130783765,3.0739690567186924
58.205797746985304,67.15290687247567
36.17658800009676,35.83959642683484
2.0355704944124353,2.0819569623943823
3.757595347154878,3.810866087777707
34.940055304600534,38.788691970539084
30.899170561974774,35.43164853023339
60.101817835371754,61.697471193297055
25.845864059163137,24.608116048305902
1.0269818932559858,0.9279518782251363
9.467867903981418,9.590019028967184
4.668404063397107,4.458956860879126
14.208843166205472,15.797852781788524
3.114837464030281,2.9198379522165734
11.984036501010115,11.713432129798617
15.473158639308718,15.177639487328598
34.455254501915505,30.889177187249626
0.9820012167520257,1.1136919384761732
17.235083626384327,15.589007829300309
15.725319684438062,18.35796001917766
8.809302845275992,7.703460689724218
1.533351528662359,1.391402891934652
2.9765003651353377,2.4344569835601875
15.508697704841525,15.337449298863222
2.2416373639652334,2.11981046972131
0.9101553949979171,1.2191895536425998
8.658278584720877,8.135789964646662
12.280794013866796,12.552227219139324
11.183343843682678,11.857589583325607
27.84820664493895,28.8234394634192
1.1967107470601666,1.357609224988256
1.2007259446479877,1.3341384117130122
5.249135135784396,5.347867649751756
1.851263156370084,1.6231892483808794
11.414434948810745,11.276221543375875
2.97874758861183,3.5646407988002498
4.674950211132937,3.694448624286625
13.999135682692659,13.039917572557528
35.95517993759605,32.33457670593969
4.404281897018982,5.226610791614506
0.8380789359466031,0.7896658744889895
4.58299620893617,5.204662123127376
33.20505663199364,29.692085531117968
6.849181048742417,7.040436129194141
54.538458884001294,53.915174894590265
15.846671978816515,15.399676973559576
3.9390251419209865,3.9248592100547675
4.6189352385682065,4.928567841640236
72.35010888830988,66.11673848639852
8.978694521635285,8.039609381132621
0.19233488946245372,0.15325308936235812
12.784878892727399,12.936044761069292
25.236345704463893,26.558645525918617
25.28148640343055,23.133375907548626
10.988946301893227,11.970019619369431
17.23152534266919,18.206496087637984
4.13537360508303,4.196122640043295
82.70513813580475,79.44048198124844
3.401661684031775,3.9520730961254205
2.5947542243632222,2.41514721963836
9.497870287161172,8.978091206754808
3.5796411052121435,4.145831192329
38.39340618454032,33.6882436928263
3.797749609428583,4.579834638695675
17.098000011550994,17.510713574723983
23.2333572500623,23.943034071102062
2.952148676283146,3.902803848845564
7.004290910599206,7.61488994963522
2.6799717984158673,2.866540114402099
15.899705377668173,13.323373455049536
47.84339617844826,47.70190786695565
33.282322315371786,31.60058105526308
3.5956807415962526,3.3948391056735074
3.0585859072948316,3.75035161628997
20.729358540435395,21.038798229834857
4.6249121311495,7.061794872389512
18.210352922249953,16.67005208046823
2.1340310873574855,1.9516717295373545
7.975074130252345,8.332640206503966
84.65662918143855,87.16388367984116
22.918477481608836,22.50160192660804
27.10036771764925,23.03586442855287
4.809936775733067,4.4690271328388285
36.176674906650824,40.028671176541295
26.56463036728214,25.786842973053275
13.150877438873422,12.015465414920484
59.072563910568626,61.32666356486855
4.929525256308708,4.2982672240585
5.828352193351773,5.78988942264672
9.287215534529917,8.787317517268919
29.762056909714666,28.59856408222916
5.136684467378229,5.473185836029297
68.42660667003891,63.9687154894977
4.593593958065933,5.464717739758616
4.424911656905811,5.173509014420627
7.768142889122725,7.281384572075726
3.587874600251378,3.718928168889561
1.5469873326391126,1.4099472280980334
3.4267868467180307,3.438962587828035
11.096389905914538,8.984042901904438
51.25698629191146,52.33012596998758
5.532660077286395,5.723715786262914
10.040328625699335,9.587890480448847
2.0126202898019234,1.9156736771590994
8.790152748342658,7.938412273269743
6.3913409546182764,5.8693176904316475
8.535992159723937,10.524433720528648
8.461339245358632,6.741398146421667
100.21845765820471,97.40392726689026
0.8874330588008107,1.1769990123420884
20.26371100210787,21.56405571222652
12.637202557667234,13.39134057996032
4.288331691697046,4.366704782144514
2.285157685025496,2.627989342928897
4.121322483183123,4.487385868510167
6.400958753699373,6.104635191339503
49.98805547850828,44.74333173081853
3.8568364881058246,3.7906733604185714
5.3834695827890275,5.5590666736300465
0.3320243459443143,0.27664426736277464
2.5203415874975557,2.564560208771794
0.9673027176367222,1.3921740212016445
15.711520415919201,17.740122228771895
1.0466936274529348,0.9612156657599707
10.304128366401818,9.696888374299272
0.5465906799150445,0.7529366500469962
2.1649438010655317,2.096682424005118
6.76666650941289,5.928111304335164
6.827929814287213,5.693110562906217
3.27595320390472,4.0182812940781885
11.21382555400475,12.175998456555863
13.551334101389253,11.547585274570975
8.968201153286266,10.318041112817085
12.410831651776238,10.635235206295024
0.7165280805273877,0.9558396333023095
1.2363596911292705,1.089477386162838
4.4585719103966515,4.391943951890791
10.093759794812529,11.292064795267022
66.59817681316024,71.21740522178636
10.746975399492294,11.05479668081208
6.388098899989164,7.853082034703842
5.771900265900408,5.8127988714835706
9.847116468144817,9.090212617798628
14.522544037934594,12.309181496118622
6.932990754964132,6.974102528147228
15.105986198596808,14.562536615354617
9.099602484683734,5.83420347337862
5.023578492980994,5.758561445908494
29.928425207722658,28.480270686881788
50.49088946728687,52.307171166148834
56.323365494049376,56.49456417606736
6.548018643219978,7.072780294055807
31.59485406786142,32.200742789873914
84.669524245891,76.2954710869535
23.290139532341264,20.584735256903983
3.88080207977446,3.1251584187336476
7.502675849782687,7.873809426870433
50.04064647118581,51.03803935826068
19.700461465170427,21.084500272530885
52.996292997713645,53.83204210885768
14.40033531646937,13.994440793655139
24.307784624646825,25.5028420642715
3.917292364719048,4.74222547414159
2.037295270172332,1.9748103590758215
10.805096195731172,10.547714116295298
0.6743942919268737,0.6532156803923944
47.06328730612269,47.06735748013563
15.552925621768207,13.384390489598468
30.423968847942575,28.646805329125744
3.8809101856344994,3.19615489257093
4.465019761930632,4.874843065425084
22.361594982240224,18.985941629907057
16.561217324964716,16.91201504533018
12.52671130931805,11.344928015213462
6.503297195058215,6.288178819370241
28.094223013712888,27.821575157336785
20.144824692811927,20.877989710244993
59.181770447086656,61.41160519241179
21.2414352213894,19.14454203137537
5.262246274415615,6.066830531291471
2.3208176538599528,2.101303666858557
28.314977756727647,28.81685316769777
10.79246010430865,10.130851385843359
25.624147978704848,24.128186935524617
1.8572581482041481,2.0566977926116
30.345411395431263,33.88006232175411
6.274679106372125,5.204559414134426
37.53332602475207,34.65505555709232
1.0644077332706785,0.9548922512333227
14.252349897834831,12.767888722508925
15.182131196882635,15.556478244134526
2.310726059313857,2.126241366419949
14.555513090597058,14.325042349004626
12.568992211717022,14.723213607133847
61.45222641387003,60.29793863149957
15.187305280169879,16.876151586119374
25.752198628986797,25.910309505678853
6.988984090589892,7.470103305519431
10.932503757108613,11.37081496535763
43.23967002091308,43.30604455051538
3.5068731541746776,3.6889319171395067
0.6836194934878375,0.753916403772046
14.771676105477468,18.09859593381497
3.3047474875175844,4.042912690926508
45.46579337628589,40.394648863824116
11.564229271962294,12.576369085283389
5.810558874469622,7.200575209451357
1.3524382393956857,1.6462340927297534
21.04690784235311,18.862562692804467
11.035063012939158,10.345508071632517
2.60525250095041,2.546889048817083
14.605889822598964,16.054202715770547
56.701261152018326,56.85826005827121
2.1725502248898865,2.597124538367676
12.112719162143481,11.367834227581536
1.458388087784435,1.3205766000923704
4.056226403829526,4.733030212512912
9.829670534746112,11.171559223493432
8.934212289557193,7.992476544347147
48.629939395186774,48.899637220851034
6.491069782735472,8.114738990977322
12.929002008458037,12.37161876148091
9.996915806381447,10.538659233373911
1.0473207227836299,1.1588604898365527
2.4408830498074683,1.9751814301296475
3.761983597710755,3.353249110783924
90.34914200103023,86.36270235068972
6.838628944330269,6.468595740166291
5.266879151201445,5.778678246610505
21.14692244820141,22.47676493711673
24.166402824372483,22.40113068150541
6.229916009533938,5.861270863376902
2.217982419141147,2.2434835833290023
62.83579782394927,71.11540066988451
33.518220195026245,34.226852890906954
3.658757499629506,4.104826584389269
2.602617741745823,3.764911280751028
25.17596414605709,22.559524159562123
6.194999893905611,5.6866636519435465
1.0837846833851668,1.3027285503126425
2.959949641711998,3.4867015913099437
28.967642892806765,27.985480998848015
2.6830501985162343,2.5586047800580416
16.83790414229397,17.029549810942726
11.380176558916691,11.369061917123087
3.174924833669591,2.937978680971581
2.81841475310282,2.7295565259533636
4.5679617478825465,4.797282965955703
23.794676180463654,23.580342021748667
13.775079230646625,14.48960063669258
34.362459725802104,33.05609633467312
7.61133286494149,7.7050523985813335
21.835819900445383,23.93845574445537
11.444107239363564,11.112891894748245
15.85798276634053,13.945853355678375
48.75798548971465,49.60563319770549
42.9119950451762,45.53208154416798
23.805939140379202,22.378875349893363
14.089928972024465,12.462328861264105
33.525688466748484,35.93208338220346
3.899035638266907,2.8535530926515085
19.464218822200248,20.095491244317444
10.512142031859385,11.021591397786885
4.98172915444579,4.5631429502781735
7.470594130795666,7.499820786363819
49.27489160871573,49.357174995688496
35.05295636644634,32.68721745259564
23.169837136428555,23.70235258627499
41.983513883700354,42.3037602696868
3.3089761753764715,3.893888802010086
29.85368143531542,32.2390329144408
1.109543261421241,1.4724073759825589
14.697135234058836,15.044395263080476
2.6704609294388377,3.031477807631385
13.690349436394829,14.128001124218375
11.45841250909687,12.975815180924288
10.019266001875264,10.676799571338107
19.40431444236968,20.621014573456787
1.4257683852314829,1.4120931354132553
3.205296139159987,2.522602868704004
23.559920014432333,20.39508657782653
52.69308015422216,55.82353063301219
4.187520109649437,4.430356406509579
6.6331515206048985,5.472520807635962
1.5458117885889269,1.4355768552856223
4.19131998509283,3.6859957010291757
3.764708718206083,4.026195932513327
0.587571945416729,0.49758130999916145
52.194452690717455,48.40817323126176
0.8087017308878551,1.1549059955965644
17.486594781077336,16.42952149516998
4.000897942101077,3.222028342076054
0.6867941737953859,1.0127789718923563
7.517090377411407,6.282683108621376
69.52535571258456,63.87824916437159
12.967174724944082,13.118955847421248
14.086519287719565,14.346728961582702
16.33229747368551,18.150880912216866
9.004819735286581,10.16864905413857
5.85024521741861,7.0025099343352295
13.057076635187295,13.092587846494087
6.079748597710932,4.658175398289479
2.3328693596291297,2.1840914568022316
7.670566313335627,7.963779417107333
2.6669079616608937,2.270075809350663
17.56219036856504,18.56669464664716
32.90165771386641,32.15878543428804
2.5725213303445527,2.170063647785407
1.5413742607775422,1.3454322425229517
31.896887506899763,30.778972883055022
44.48379409293778,41.25975628048186
12.828626924001133,11.975561436840044
28.82938896508789,27.046986257399965
2.9488312009338356,2.67874196972338
36.56298035673255,37.64464421898429
32.88176952481036,34.60587557528798
17.603373894098016,17.477462141144407
1.5253782073932176,1.804756469147271
3.987771034236515,3.882135719549485
12.442505853565462,9.571872778234418
2.2486305973305187,2.2073911210238
5.006369218257163,5.425785142633563
1.564077621432804,1.5115906763519609
16.84644597942345,16.415410168939626
13.908050032564468,15.577441736882122
4.464700973236856,4.142191975870376
45.78907442830577,43.06400118306098
6.637779410239315,7.519053166240933
7.367320459078027,7.644607510139406
0.9793163315064931,0.9719897364932195
24.339519203705024,21.889631758862446
22.578413013534917,22.392202046454177
3.9422881681416024,4.685432730165115
24.507639712102193,23.127194730088398
74.03411650472856,69.82170344247051
1.6550018069625763,1.8895157686878206
5.694945276879678,6.227061190238085
1.4708479535695091,1.4765179028043207
22.7740442840938,22.876213999305996
79.96820423104936,85.85316254500201
2.814447984342216,2.8541053411896486
5.926172073224381,5.788796768099973
4.239096950742292,4.158529415103517
17.761664984669306,18.01532618467505
39.00655950393293,41.087158407300066
22.18629222367116,21.6950325318208
14.928384412073298,15.451533848874655
3.0553929780500093,3.0553262589224093
8.778907903404736,7.590599529671926
2.0929034087802667,2.41245324154751
0.4292342903394981,0.4467819805270465
48.87322845330224,47.48615380544595
3.295113472974822,3.7775392808268085
1.1158371519126202,1.104585885164271
68.91325402683805,63.64572456181874
1.8338318115292573,1.996587358586104
0.8446516920153341,0.8905019313894879
38.79566219265791,40.02772717103197
26.103688730402396,29.11028803095219
40.96508286947793,40.70105355112189
1.2696144033566519,1.102389783023405
9.863022705292387,9.207380013243643
11.5407978137051,11.763203358154923
52.723995778444134,47.97956349177287
15.685838147803654,13.594826757499847
33.98129951791519,31.225245318652508
4.8668089168705535,5.389132467810195
11.859404519267457,10.790381429245032
72.99820206482656,71.48595314473724
28.067663810722184,27.424926930361504
7.741835804699109,9.53444433337606
8.030529171570478,7.549740739631765
18.023237046256096,17.294815034822786
1.7586047673174492,1.8135012501375312
34.82518080954629,34.36395625415414
8.08943048516332,8.445824823475252
22.77897648734464,22.70960093031135
51.50321545339206,46.118683366784204
39.18652217225251,41.61710388030703
37.354988155082744,33.93706635201358
31.44285458350731,35.13238763402973
4.33277019189412,4.940984740222086
25.770392408444756,20.6184709798092
3.915797272911451,4.067103427120725
50.964345942242026,50.33961795943597
28.31737956441632,26.402249680860823
27.42446926164132,26.443142387121593
32.85597075636131,37.212187930824456
5.8491333074547045,5.590514391041009
23.580464073893097,22.603887332987824
3.0367741329254896,2.5571300108257025
11.288093821579436,9.016191502801027
58.78517780976579,57.900522033115955
20.405722839321207,17.0944601149543
5.303802237659546,5.646990519410321
5.273964788501298,5.675252926274647
2.628213530260947,3.2325387193024246
82.68215979287825,79.28619148313352
4.971648179908137,5.896935507362688
3.869941900446284,3.934562312491975
2.416887504630097,2.3046546253495586
42.347108272942116,44.67097546576003
3.4113326122472136,4.660231212823994
3.3143967619196495,2.5854138442838455
1.1258138806385987,1.636756081321167
15.451563737712467,15.0167924299668
15.700153345679723,16.416012762273763
44.56782994416892,41.372083576718275
21.173073431300306,21.758764581489956
12.88358689721976,10.832133674982602
6.672516050938977,5.179648455626627
42.03295352995147,40.37593268057407
40.83613820597926,40.127324325744524
46.811303803780014,45.899405376864394
37.425602310249474,37.04387419429933
6.4117567892278515,6.900949110138432
11.157829727560546,10.656171304776164
3.385338962804812,2.9551554298233804
50.46103896166707,46.27280463704551
68.98912537648255,71.5493684758496
12.228379998664918,12.733512997425006
7.139424953899021,7.354607537983908
15.988988102279587,13.35211348834812
3.719405127620598,3.5300302264350654
13.623453413081318,14.294050600449276
2.584763196170802,2.779082238749443
36.94421962564553,36.09059032356473
41.030123127277975,40.67530237950088
21.458827901992564,21.778722031610695
5.10692134767399,5.038177559616498
35.41740638902614,33.8676808295504
12.435011062130563,15.75578642712523
27.484416870100905,26.852668385701318
29.130121081936096,28.01670491028358
0.3286707159181575,0.31116071194084144
9.531081157161179,8.73591250682573
3.8440133756076595,4.582585814901345
5.676455166926965,5.988611080390151
9.294773111282225,8.722687491511019
4.5815234995142795,4.896639489209998
35.28669029871469,35.425432983502475
12.710928394883153,14.482670205446071
41.47747476645149,44.47674496662171
35.702927411088844,34.51505750814784
40.644816969944024,38.57939341704448
3.0602236444683797,2.9998597993113583
19.817585311223784,17.79107479966029
51.47393411531554,44.05694716270547
0.8159454357666749,0.9837462856120702
7.484340961789299,8.90465162952031
3.931636825247047,4.285001200451378
12.52866301356167,12.60822711602037
13.817512218302973,12.64059268042556
4.038180107224695,4.917416509842851
0.7345690510055273,0.8463246990693085
3.654161697004932,3.3671313079542213
1.764517575867167,2.0578173125475003
48.20533859052905,42.399457297611775
11.685634213290824,11.05829474672912
56.635958228977245,59.71594838549769
0.5656065084932599,0.7102387503511525
34.57853985186034,34.48772571016637
14.021537270880263,17.40709625097306
44.621650311488864,46.60703492876578
1.587862302380124,1.3837177614634066
2.53901492472717,2.625089084529831
6.829397555047207,8.124133348597457
44.14763416527814,43.90273682907866
21.36432830157339,20.211997836456135
21.92136637613864,21.2742227858597
3.5189032129912894,4.459387706574461
12.028344884598821,10.601738657799105
3.7062975715475863,3.3770396205723903
17.92777186213048,19.81907161179535
13.42888878589551,12.18227284539383
65.79200079027528,66.76508341920004
9.272463901714575,8.925010678714928
4.747981049116715,5.290374606052504
5.44068520069444,4.102915156027797
12.61710348625393,13.11336337166769
39.77825469789837,37.38985292714981
47.966393774477346,47.366659082835575
23.404186565216776,22.307178396087384
2.79646241720974,2.7397275661993454
58.89656556758808,57.16284756370454
32.383559128955724,27.56532090208951
3.958030755333516,4.582488085896756
3.6652167538581715,4.039221616528276
46.7601985998812,45.194378382240714
4.088808044742212,3.7131906568419497
32.00331677168103,28.64354736947377
1.2756743227033063,1.31041493342026
36.90216596143168,33.3921472692568
1.6531605260243323,1.5658181082589726
1.7525632943355542,1.7948442345674676
12.610632904275516,12.385694529550303
9.668315764328941,9.852649062553953
14.110737367850422,14.930533879984829
16.839670219970998,15.39234437004895
7.071119902675497,7.004429106705523
37.06395961967341,36.09193401294185
61.832769105772186,55.48169701515855
20.573994629536223,20.783351578642254
33.3750964810591,31.11656693878253
5.144784770367846,5.553504811422182
42.211106663721445,40.897934182840864
14.154402226547559,12.672928569417543
16.749712587718328,14.78900971389466
23.9464428814856,24.018836432355794
8.82842901695513,8.796363542887304
1.5171727868419294,1.6675297924019779
14.661442198512727,16.263513260478874
15.950321255203326,17.251869025417214
2.287652309134318,2.6043179524225843
66.17359476487027,64.99735185412531
7.403489971287099,7.2746407746726796
9.042360053795836,8.152255870356251
2.6847605368692284,3.57761682789208
55.18432933122611,44.400809784178236
26.10168597084662,30.001154168465018
14.131731314060438,13.681865276688567
18.62196035532746,19.16056070939411
2.9431093567365116,4.194066258559312
0.9501901707721894,0.9109413899406312
2.07704215054256,1.4587795219624655
3.5135268076952437,3.2358799527020095
32.99808121148765,32.39868365240386
18.767291506473683,18.052868679233228
3.7307942389080684,3.9998202571235923
3.6837204133138224,2.994673621176331
25.771140744811582,27.18018185430234
34.66603090168511,34.22737720407333
2.007672325248719,1.8984248660049106
2.4419533033797043,2.200287296477183
2.9421747507976734,2.6548889654253554
2.4279992916981765,2.1722840607919824
2.7554158448147943,2.495258203555589
4.29299688659315,5.7219216167487135
5.388896366242578,4.304960957794692
10.071574208030558,10.274160497702631
2.122196791977839,1.9097196319638443
19.351316856888793,18.923386914737687
15.13762712616673,16.487214769644783
6.112923384065784,5.856099579102426
19.103372337735035,21.54253451830399
3.357684530333018,3.4284867735767057
13.976127089483114,13.443903366052083
14.551537226928938,13.612564580154144
1.1342393013221876,1.292934145606211
31.20878529005843,32.12335757101838
2.650676485980852,2.7189299947619237
22.792787161674998,22.872084491732693
8.52934327116803,9.790111997016762
6.434779963416253,5.707340664369483
19.91009413842538,18.588676646618868
9.547445039677843,7.347147213769095
1.856485419069684,1.8573419177200738
11.704105345039402,10.923166712361839
11.154442908562439,11.989499218562049
3.7918494738474626,3.0649742116089134
2.5665085348830323,2.099767697113549
5.643075640146927,5.521422542870383
14.77320591989322,13.642430749581472
9.122535468543184,7.549774283232181
1.5799135139493834,1.5906567186176828
34.4518846407243,32.39366073942994
19.375651740321665,19.617118520058476
14.29202868022843,14.221406272369705
2.1137319667419425,2.385145167503751
17.854235698865594,17.218165384557835
2.3297551720065535,2.2957640772347467
48.435051826383706,42.47876526242434
37.873294660262125,37.74616650822341
0.9605184655432802,0.7253327451915564
44.98875032475723,40.873678663365894
75.18316041168951,76.43743820553665
0.7345848055136521,0.7810401034296544
7.307214266702582,6.315698614582282
6.788731991455848,5.426057599880803
5.963999246241749,5.956364393921273
7.703346038987228,7.293355550604595
3.999714648746538,3.2067749422891643
70.32816470996431,72.8110119606284
1.6308733677822587,2.060983267574888
9.245949486270622,8.788971369960802
1.1494992458635451,1.4521620865563187
55.995066080452716,54.61306275627263
14.833046020222158,15.577479849084918
0.8127557573686344,0.808487292464498
12.212988604509183,13.820273015509255
3.708619342223134,3.221402683635846
39.73330765361346,39.83524359227537
19.084849052456217,19.228980172014918
58.243962636134796,53.34594999493135
20.855895349657718,15.424271537520124
27.52301870702341,25.12378005419519
45.48979671067211,44.65646041163608
2.1343847664944,2.5951066850998674
19.885683949050453,19.096182841849426
7.798676799197395,8.415999269013009
33.50986532911287,31.846492099120482
8.16830438065322,9.645384002998567
7.740588304163395,8.525664887738454
20.033281653339674,21.932011244271937
9.705566235117086,9.282162108323215
1.1104101190468818,1.5311590847840824
16.217387102257547,16.48380493546806
9.205359844971452,9.549276014527662
1.402777966729326,1.4607483382357886
2.751899448767377,3.0947789767530574
6.245743938423915,7.435576792001011
2.639685984116676,2.985248328447477
1.392252915063829,1.3498939597750022
30.692410413765742,32.0856838997266
22.299384130332054,20.46112660800423
71.92147352500388,60.372434764143996
4.397598199550638,4.599846826243338
9.875622980319461,8.956906572430977
21.800202056749875,20.546721055976587
19.88300048357779,18.86693291230406
21.795179707850732,18.380961970193177
0.5039797597435663,0.41043741301653625
1.0815607170792312,1.1480235525158944
11.727863610249678,11.446459757003836
2.5845292380837677,2.5684402315981214
3.965657464685461,4.081387985362805
44.58890157193703,41.309366062181745
4.952457464844528,4.6620235309840865
12.21983002553578,12.522443492133899
7.674127138484991,5.471962862128219
3.021949837712537,3.2600047538195214
8.188430795077666,8.924377390864676
4.0351560734812315,3.474643241409324
4.669929658743989,4.565311013047819
3.5111569852748388,4.099808770105627
7.888522343141811,8.208182703443239
3.487708593133292,3.793243641923943
1.6727245564330477,2.0150386044621276
13.121453954753205,14.630860602162826
97.2245652363167,93.3656519414312
8.106381805897849,7.985228824289641
7.89678174906743,6.800633322824151
2.4100648092971633,3.059716947687939
33.59161393489216,38.699452019232226
13.646671167139413,11.303540720226788
7.955008312167656,7.034959462467838
2.3107842400809098,1.8094853448190933
7.805000640588409,8.419651221664171
4.0046652413860295,4.088634251686853
2.1034217393573176,2.7479011910809263
0.6431310624163558,0.5331709315174825
34.48333548733379,32.296061830672365
36.47645340089405,35.663598311085586
0.7228147401213078,0.7213266157962251
58.24157968947158,60.92089931966273
0.481556805106634,0.4639856745470088
16.77778298158789,16.542913197154363
58.945575625949516,53.9002803340832
66.81900649775794,65.23643563117979
71.25389578698588,71.51278374239622
56.084382549757244,58.45011728438563
9.28778217484292,10.544596336596246
26.316472412329237,29.91278533938775
5.738413901586471,5.886214667866785
1.5871871383022316,1.876858350364155
12.245081515313219,11.10648649832292
6.891019702036731,6.993512182373941
1.7147711984553702,1.482633636266357
1.347243536208135,1.3175427761395873
14.006244551774202,16.053174736469852
23.7841620537463,24.287770385959693
34.5184784481881,32.27508095086063
6.912909596070344,6.790942751622164
12.278018037043104,12.323352402381978
2.730850642636471,2.340801223946273
6.805890538165203,7.482719659447627
2.16642235583333,2.079501339695221
3.5988883322935687,4.205532403268126
6.211298587484186,5.71168451481719
0.8188832256216357,0.833755335561468
2.2675015255142768,2.3450816466255606
28.36968512447996,27.810165222075387
17.28947093975657,18.22619666596476
9.339785522897802,10.095953225500256
35.154441812389024,36.87010911851433
17.112339339469376,16.152481901212276
31.477634886732094,30.96108559020675
2.9330167423020708,3.4587222810843326
31.155372824819747,29.127530190135726
25.858682040182654,26.12443988097695
39.91741914266192,43.82014312849312
1.7539798629494783,1.654407387556338
6.8768331181564895,8.122393394646933
24.829168981436567,21.004765252509916
3.33595530505381,3.4777753948980332
36.42472611610218,35.331363314507364
15.673886990261254,16.063451887016168
66.85170724823949,65.92012388678788
3.0609987221133355,3.2000496016195163
9.931846079308853,9.710470637643374
3.1999975225980695,4.120294224650226
1.4675952445703666,1.5717354769724128
15.89511913619183,14.895290566691237
24.169927691218053,24.814825596389106
8.218313453705788,8.141078625761292
3.967398439600548,3.4400958055245665
3.082720058226901,2.813362783933942
9.080375587119315,9.275815466224557
12.237925546150775,10.888446628579223
17.734137895070862,19.88421322723109
4.593610328017471,5.240286454508416
0.9466010179270888,0.990913892773366
2.3530231650402413,2.456322204485344
32.15395159105142,28.85412342238337
1.5230282661292023,1.8180303993822216
34.92264826361506,34.268305551056784
16.260963284898292,15.080357050250615
1.7817556186479582,2.0344304924980703
31.64609501603916,33.45850372297932
17.585120466944144,18.633677252500842
3.6893406304251934,2.533291406748935
41.60826093517157,45.04849962346753
6.586879323979409,8.159686037458966
3.230788645505095,2.694074447120363
9.043490488525384,8.818491553668794
2.059902895714429,1.9537276002033326
1.747721557377397,1.5505045186780007
1.2245687134957957,1.2181681104236373
1.6862338099924439,1.8329793510209447
19.55172706022334,19.189854022504147
27.869802903570676,27.95075740467166
24.616786767273794,26.829605188783344
11.893810030532718,11.70261040925811
11.660053209832686,12.189977721992065
14.389834393362232,12.371643634156424
10.608811742410065,11.108925688111048
65.33866775416504,66.30445030684272
11.606173699629567,11.310536504376124
6.315762719395116,7.478840727066096
7.52599679384837,8.466378660930372
0.6711617264177412,0.6569064783433425
17.740876147130294,17.25314059812762
8.03585193129439,8.613229736830352
2.034731253010121,2.1912000723488743
6.061852633490366,6.763987671422456
45.98302101031379,45.980480762458406
1.1551337225669698,1.434968435215185
1.8221607721336635,1.7968692650801756
14.08026008405347,12.349055225488659
67.43094177304572,68.60145310845249
11.437724899235858,9.983793386188758
70.0277907599114,70.72676466334879
15.500900744355018,13.98672172032806
2.6902287437714456,3.3018859558301736
12.801555612625148,11.509626748155714
2.731625020551115,2.855569137603777
58.483817405001886,64.85370723198729
3.972660608981525,4.240847962496193
5.793561996622371,6.2666965667058685
25.03521397339345,23.589446231243418
56.911104238517886,56.09162884139167
9.640628250056832,9.57102036082241
9.62352710506996,11.332662655182059
2.6845766095407506,2.372906952220757
75.5685073758066,73.59830891546557
6.151863070236786,6.546426004189395
8.257544207991483,9.790152350812328
4.92012155675076,5.211645413780059
49.015202498317706,49.17349938027512
52.246399293576516,53.03197051160395
14.071860291424445,13.642241883034576
97.19989813193237,97.0480364443587
36.362959561622134,35.35060494857256
16.93627966045103,16.976797086346828
1.6115919077612133,2.1120525479313987
8.259020019375715,9.137024772668022
3.290234629161569,3.7902213023893863
13.19806657758962,11.26367051571338
22.162955187652827,22.78802649096577
11.728730891009999,10.178534669620765
21.786288634235486,21.4870823425435
9.327770442955671,10.24913026532514
25.88914932825396,25.66430699960051
5.863088606992013,6.475870896271415
38.01968778208997,37.37544505260286
11.423499184528799,11.9781808562095
9.76915959697705,8.249002666681774
1.3257508476403996,1.4563140290311987
100.8718142897717,94.87571225434213
7.997519763924938,9.387174539602109
27.449170889730752,27.74496071789512
16.40901329007528,19.652419391500164
10.183357321469492,10.454382780396212
12.946480814432993,9.797546554667852
4.4664368938586145,5.167011166405349
0.8097960867209046,0.7028990924244434
55.03906346908684,59.54148181721605
0.48663956540791886,0.48438253952077714
6.635523020058257,7.969324955910899
29.761642397357548,28.248587131344156
8.566371263136581,8.975391044823825
0.5913570627786263,0.6820343436323276
51.681036991992826,51.8783813291092
10.13332065535324,8.803039744541074
15.651557044483624,12.957249020905124
7.568388271500667,7.383873897666835
0.5353274778331949,0.5464434856402376
0.3381058488244438,0.5183282670533902
18.417495160223034,19.268269090464244
9.093467494408374,9.20603729116479
67.60830414529396,62.02722242389022
41.12997348342809,41.05181512770351
17.563236522517027,16.703263970352825
49.42507263574751,43.29675531461757
24.055533999908082,23.605014766030674
24.689080393456518,24.489998563702763
1.4312606394079963,1.5899588740810378
5.558713659887586,5.660862040780999
26.620189966787784,29.006543889702733
5.319978735667146,5.540875507745325
56.327539909451225,57.773101825673244
20.302738372431293,21.49596891928675
9.12895515044454,9.682606684328059
1.127780905841457,1.2112110108085512
9.230198069017902,10.846563299386816
40.30915252986119,45.0498540523649
6.137452709708466,5.699808803475747
74.45299753786179,76.70992367124018
1.8428930313428147,1.598493008458374
40.457760771897746,40.28035054933061
49.90521809975716,46.154327217437306
2.9764931299097075,2.693296446688361
8.182784662936346,8.310248685312114
18.059300211095596,17.41604618082373
7.7618253564055415,9.315398374971029
23.03515834294569,21.89588718210611
17.250476934067756,16.57646134197295
66.57908366838787,62.16708746600185
57.4921494477857,58.093262001209496
4.7523810086429314,4.938361495576628
47.26031843958949,49.405550039000275
1.915855978308661,1.5881116373375443
16.00626536621377,15.214551387274033
1.9398291848768983,1.8537639988654704
4.479253048366115,4.345578606804128
6.622953027997717,5.708670514280552
61.03150424561366,59.342244701507944
2.3532801737079576,1.5023719699823659
24.030335649704053,21.79604430480595
37.68853776976211,34.53238483013518
38.25087765560596,33.580710973940775
10.24407995647855,10.443927912905378
6.000479530475604,7.073306596665856
29.753378255065318,27.715171592010716
6.976439559022959,5.48161188816011
43.451855578932395,39.1306125395089
15.462932460385256,16.412341278958113
59.51609432782631,53.847434169549324
1.7504027605564612,1.6711557025210413
4.207235788484357,4.687577121596955
11.709333268438352,8.048158645141845
35.734809835465704,31.35064117909539
2.3456439879560946,3.406847052992627
0.36056626994267366,0.5369434932520903
2.013837891915314,1.584210062024316
18.733204782874157,18.48862457572305
19.093750953673812,18.3554776920181
3.4725874963939503,4.0451731427950985
0.8396254823041298,1.0208616186638626
3.020960141219403,3.0378501226559314
2.1221964261453627,1.766351607028167
1.8749426748614118,1.5791929536201859
2.2210879102036816,2.0622231241897784
5.0096354460797485,4.292600496163064
35.68681720085068,29.339836561310808
2.23235421691911,2.1178447150970396
2.427613932901738,2.3633995260088074
6.74407322718678,6.693968396280574
0.5345619388394142,0.4894987607391041
11.842701285854837,13.55228887652521
30.469350118132223,29.898785147303105
8.084919094721947,10.56038899335988
1.775450359651452,2.0224303098347916
7.073564556095459,6.873811648188267
10.33818403712648,8.217756040842263
22.53753345919899,23.200696870812394
7.958240084508472,8.06754464390286
38.934462106847235,35.5118756215056
0.5733519341785386,0.6915646356189471
7.193583961404963,6.358307488856411
2.3961000708225852,2.157595769369459
1.2060791963913182,1.7463402216416375
25.017371091251608,20.9555642480527
7.558769223017899,8.596155867961082
21.2156807699523,22.62275225807408
5.270079607894624,4.7091879337692495
29.083117515815637,30.695195465235116
1.8733341039500635,1.5939490392884472
2.986760246970785,3.777911720706807
2.0150168130421906,1.9644304902926095
15.76092756682662,16.517862976132633
5.802386958591962,6.981602576320047
9.449704831575614,9.153839744895308
19.193194827094825,19.145627029287343
7.1282145866347335,6.257029366740049
0.9099448953315783,1.338132353513371
0.8652802705782532,0.788633014309626
1.1171008872620756,1.105554293187913
0.41748391379716104,0.46836803689057144
11.219588163463703,9.885065370702067
9.547464772755836,9.090517870607645
2.420851886369105,2.918036508444551
14.34022609656609,15.098240128586013
3.8388786968873307,4.891980290652627
2.3995046974714684,2.29675306218542
10.41195213744467,11.309535008451762
31.977115604834506,31.03859090718934
35.89535110880346,32.4040422511863
21.492691607301555,20.071507773273566
6.993840026915806,8.50109879817756
0.9225444595416897,0.928424595771572
12.392085625575296,13.103065177808366
16.290842864227507,15.437338643688197
1.8658693027298368,2.0000973976702103
8.416604115175758,8.077343638770872
17.5614807009529,20.051363792433694
7.717341725638225,8.044786022223487
3.1765356978899955,2.8921964735651136
21.27455952978833,23.840306196816815
14.199191002539031,13.080854096564723
57.8712987017514,58.32231921544763
1.4636706190309237,1.7112924948666988
21.62713552488697,18.41137497648578
13.176110078797329,12.508445102540012
9.715576622915986,10.105985946957713
10.628626592383752,11.923802218433256
4.90991449403872,5.514559318583571
8.126369236173796,6.906000633229488
19.405169804788574,17.196340067074786
6.772140716974195,6.364629154217275
2.8736881468374698,2.577897948747119
9.747975969072309,10.863008662171332
46.40024681354579,48.716037750223734
13.396053125248546,13.942142872824721
4.784902560843626,5.49379890034658
7.863856057948425,6.840625691674032
25.6297449404107,30.07222180023124
2.293193593507014,2.6706853818654706
11.626883901673446,11.79994259485613
3.622100866691921,3.7928851603667835
11.450855822404005,11.977895510947654
3.9540008771699653,4.51884300141836
20.47725289683907,15.532829371716279
117.11758192287792,104.7786056251045
2.7048664389054053,3.418428787339809
5.401518226076734,5.099387416578769
67.55038565337222,64.88233589305445
40.28921806655333,37.905086416623135
37.72000680488279,35.89076847770181
1.2402892774010363,1.8764903660119139
3.329101823308989,2.655889902937374
1.0784218506939927,1.0138108888893396
30.913586104600395,31.891605675233397
8.854732271408885,8.522936306711484
17.027800431743472,16.374340092777558
9.146892242657442,9.944370941035896
2.411997322062237,2.978110862196483
7.455146723920366,6.647621997769573
4.072046420007658,5.5783090624959
5.828609658572256,6.496556394247948
2.2564788423312256,2.094787465002957
2.9490442597716613,2.956754733172983
1.5261136060552478,1.2519711746221402
3.278842966224408,3.304076738963433
13.942860008876371,16.90602286380369
15.183868017075204,14.388001024226433
24.33073734622212,26.564657733892794
27.728382912813156,33.68614243959267
15.53087309589765,16.484537017117088
36.36328484224874,34.682091998787946
53.38278671804173,46.255522794031734
9.775217559836083,9.41595586074224
73.51244916058056,73.81380628921218
40.095411436566906,37.055628123310136
1.4291982666559764,1.8485710244945384
8.93216010146428,8.652256940934057
1.1258437473060234,1.1490824388653345
9.649406000786234,10.618472902920383
9.476746581360258,10.201894924370373
3.3199642481977643,4.701539781651267
2.8105952972434514,2.946372570470353
27.018641712124705,30.388105266257824
20.730608674439004,21.545031559295012
4.983380248666749,5.367597826351476
19.71265745094709,18.0019602304323
2.6451531718052053,2.4532773097473934
10.791367534791693,9.480158392512612
0.8799746444185723,1.077253933039448
3.5979641726336316,4.124464923711653
25.78256223778231,19.77239532322156
7.497908181607928,7.326075704364488
8.25021665540955,9.320231539370498
2.8043424125385346,3.593016398167201
16.89358607571475,18.23353501994106
90.74192530102076,85.43823733922429
46.06212148987025,42.58335295644038
46.92230974949569,40.194923793921184
7.050202891750219,7.233184353940778
26.944297848003583,21.145009089340917
9.157365121617396,8.785001287247777
3.1338366391310277,2.970447261710172
0.7519026220974447,1.0994517851315753
1.148345614913627,1.2276382132781327
22.106566624245655,19.886042774354802
3.1631089574879416,3.6797026675122217
61.41735785326968,57.026208141828974
9.088483081709027,9.035792184283673
4.075089469237397,3.417733835521807
19.787115648399645,17.5730880233689
3.968128984193429,3.2870891158056765
2.2263010668449694,2.626037024912994
2.5388468913634408,3.065286543851653
36.88594790370079,38.929530455519306
56.40343678701118,55.84790223990977
4.486626663980535,4.603378273274621
1.6474242259879175,1.5228972903424498
23.84270225596159,24.477252043798007
17.049423700004613,17.79841018289534
22.33849323148187,22.80758202950105
58.32519692295503,51.444607731011025
2.621287564356065,3.2857141957592835
0.46343591209058166,0.5074391542097009
2.0165082178211993,1.9395736235014376
9.141879976221038,9.984036057812446
4.2451954452432545,4.4054494444809205
6.675704727808675,6.798243112066619
4.4048717878937005,4.372960709499717
45.41018707221196,50.74634807213825
16.47471728921272,14.778379878587641
12.654066175982964,10.841748526193157
25.10907084668557,24.556618300188067
3.9185845283640197,3.8196948521576526
39.481378984318084,37.74010978418617
18.561573708381466,16.687755870123183
60.83389760899229,65.66958350894589
71.80440562660698,66.37916980889315
15.368206482834047,14.880595275603524
10.976303621973223,11.6581341906013
3.3462499745253655,3.2225943505554824
8.312604534536707,10.712154310685875
10.864543946689881,11.481726190527954
10.216192521283505,9.814716023841532
20.825970281955442,19.569597285022724
10.3381402754908,11.64899977417371
7.5548596235497065,9.19666533022488
2.7995528170934723,2.7180282778516163
13.842188498364251,14.011779932245176
2.9336846944286346,2.91954104965223
28.43301350113142,32.36560501547084
18.506093888931193,20.26571115728105
6.196741127024156,4.9602351132093405
5.567519804983435,5.792153568723783
0.8252782952304378,0.8236055750359271
17.380779678003805,12.59054472236592
4.1047489242777395,3.3242155026102207
25.113482940676526,22.802129623138633
23.119810160471776,23.22642780911162
7.6042641192004945,7.555495611650214
6.200761451801448,6.295882041390873
1.3797712956604653,1.2589694427327087
3.0087100359406094,2.638770982217675
17.56917605695324,17.201649947296872
5.427280017263363,6.363260015219756
2.981319724746116,2.962039471550586
27.9063153460483,26.765894631925004
23.256482834923283,24.892140054895403
0.6023137874585657,0.6500013089585072
38.34858618939536,39.87943394621636
9.712053050747725,8.531990156241255
56.309955931134446,59.166499848724854
0.5618260310983492,0.5932053256278521
3.704923430484953,3.9866407133197086
0.7449726395976197,0.6908970872592177
88.2185925910012,91.41700905293214
31.042954043918204,30.434288421753603
0.9965957855181256,1.1064058134105392
9.111490890853725,9.340818482087423
2.0164470420980103,2.394281406079903
50.7593179822947,48.93835721832
10.13094510118028,10.72260039067905
21.723938697866032,21.31420982793849
9.042144700888011,8.866953563057528
26.290774154924097,25.89338371352235
13.563272953031639,12.015271685454609
34.978447688843474,34.897463764993276
3.9780887218508316,3.623385455122751
6.496535494276409,7.160194420054961
96.55290657941023,97.98700544009075
16.549871661426383,17.93711683246951
8.350383572062452,7.962106357009845
1.2740608470117996,1.2044868132544548
17.285424188289593,18.20717111422034
59.13433833064468,58.644418803301534
3.852563530005321,4.15706446855465
1.6906716928571808,1.725032733652752
20.640072119055546,24.53727195298314
6.621565467889644,8.037166189489174
1.6496807604332901,1.406995974913268
4.622090814677012,5.406456443094683
42.54685654093913,42.775934221566665
11.789225640034951,13.043956793281822
2.6522576215647478,2.8792998770210203
29.308585787086677,28.689086314077375
10.86318068741883,10.485925901787317
78.74367401462051,75.29339907159043
49.45237329192779,47.0006605252184
8.759975625140484,9.457233750701237
48.77669046213635,45.96190472837699
3.0655741942378394,3.5853989815469296
2.8895013568575347,3.5997246864508843
0.6685728834349517,0.7962363921880542
0.4379014404994448,0.4645949696497259
57.299443164985426,58.705543425624086
6.132244590411826,5.9314917139773575
5.5398257073097845,7.30056265705191
22.692907906192517,22.979694535996355
0.4876412254374639,0.4859223829859937
41.74833848843008,40.47574968126126
20.054865468767915,20.095375564239173
24.98709486842381,24.434465191137303
4.396303093827693,5.554030462014286
8.020401993839098,8.65706293051945
13.661855325513132,13.683142587833338
4.796760278003073,4.423411627818747
22.55047602504037,22.15872169374796
5.384227902039345,5.569396812996721
5.383134537194366,4.1633017153084
29.409262385149585,31.819970011035604
36.2256348113338,34.177318242393284
9.122535377915863,9.347720339923699
13.388284956030326,11.258492350538974
14.08717653348871,15.910679234160586
34.28232405102123,32.65718525956815
3.7484533059472436,4.191911659327077
2.297357629397844,1.925003853549909
22.68439597732844,22.521294847412793
18.835197130612777,14.604531325945155
1.5981330369115756,2.011376212704404
4.59307388053882,5.015457972850424
8.225458685535953,8.760628954105286
2.0731020339524378,1.7825703969844757
37.29104678113016,40.13524549693786
7.162199198100777,6.19346841152684
36.20585522081099,32.21657642487891
17.55064323414857,15.542614718810599
6.007802160928048,5.59722469100793
0.7945679382720238,0.8846632359592543
65.25497124074369,71.67575774096287
11.854756854035756,13.18679579332623
10.40627278268617,11.92059831942187
1.8627631055954217,1.841438860763283
20.648873711502954,17.39270615419159
2.2533250630246564,2.427846700053678
34.36861278979149,33.47173858494462
15.012859153361994,15.287199518794727
2.0622960568128623,1.9535839699546624
4.590886486299405,4.439765337570552
8.283970733245024,7.939105477937299
14.672145781800218,15.792078832969441
6.8716153588587785,6.344190091317496
7.11722588865473,7.484088667973585
44.628868550135785,43.028779415258214
1.6116364397220222,1.5829349432300455
25.65846430670206,24.298793402645966
9.136609382144924,8.994318543769609
61.544055631663326,65.18206441879306
71.08835205747607,73.5722152697603
23.52112645259129,23.485834226441302
3.4504071610756935,4.480321703419912
24.08788605497443,20.5566940841194
2.6952837096748894,3.0165902369130975
1.3938854430479166,1.5640104240223813
4.48522356398297,4.027337154579247
19.71378798411784,21.457737051139922
0.4950061045795561,0.5996853519419285
2.9473483051369165,3.581867283939738
1.7044887675480551,2.003876413650456
17.434810032932923,18.491795826621246
66.19359381393731,68.49311162794227
7.05109748291731,6.374187446002697
19.304204138899888,18.357785864876227
18.57516497912103,19.37059530359363
5.152990270684431,6.305514847067025
11.624175031097371,14.040744374397214
26.692394502368728,27.722222657503234
3.5712663881941973,3.9313662130809726
18.452705842164526,17.7477987590484
4.076107253972769,4.208417604131769
45.86535868134534,38.66337057515093
23.306839643388617,21.10080865243521
53.77089793389439,53.23479382533281
33.74036722328899,34.27768914228479
3.9040444501128544,3.580117609367687
0.41562042993104176,0.5399534176224645
2.196838456481067,2.3322734482662737
7.565910513877009,9.089762005707396
9.079165044289159,7.760592822563928
10.515798361998861,10.884676646269998
26.946388140095067,23.735226249111943
7.094144454282728,7.618539084148527
7.358556493752549,7.381921731391548
5.247027458653881,5.60776314645802
64.87099333797855,76.68272435169874
1.4365198273932218,1.368736804590409
90.28609288727013,92.75174042990704
21.055416595807582,18.95592443962796
43.106745015789315,48.8509215426556
3.259042308774147,4.005939710163663
1.714300740833744,1.684213041491751
24.688979951285603,24.30296777444726
2.9857635346100784,4.157692488195267
8.905161805392371,8.269152763555175
2.8675694895034294,2.9235335069361637
4.446143055970773,4.594132530825325
4.013604973842143,4.320511421723532
31.5400919502324,29.764365764202292
11.707753423886876,12.553229347368664
9.098446727356963,9.687151990444615
46.37568820081834,48.155085103683284
4.575592812444182,5.077428297036685
27.119163162884337,29.12326548419909
58.82007728806353,56.827050077257226
27.073436499107512,25.913927769997144
2.718667442686188,2.815184598710474
16.274795708670826,14.938016587062107
41.890153698292636,42.0099205854301
36.23965272599754,38.92119386641417
2.3322749637435027,2.31848385878566
2.8782103198341553,3.19120569741249
0.8797935216923498,1.0830339318977917
49.31891166412852,44.76299299269123
5.151476037038197,5.656648076068919
7.402992777750359,7.419776268427176
11.356085292800921,11.816378242734183
10.712977226905306,11.58099534805738
4.792478206054471,5.514927161817994
4.824577332091664,4.209088123714786
7.122463210662382,8.60697917997177
5.686107850164132,6.019332878400278
2.834641823979038,2.6867129441853006
42.762166528267024,43.383881491585996
1.716946259724505,1.8458886129038448
3.9616931280644208,3.017889587580218
6.119968629851563,5.701151389255098
9.981396788283766,10.20743065828484
21.506739830659797,21.861218477382245
29.542183412055838,28.08594014006355
4.181703886648199,4.205607164312977
6.5559323419898226,6.089318443459734
65.35265127020702,60.843409803030305
16.62037360162608,13.263012022121453
8.019921758794885,6.0394059475362925
76.58396085950419,82.54019254923088
36.471397061420944,39.074745265223676
10.195808346913127,10.433248514004946
37.5409589406567,34.60366789137135
2.5050646349694072,1.8001693652134416
48.5268936355691,49.431968427958
0.68250951894837,0.8627668041296541
0.46233210941039576,0.623263451945528
45.134412403569094,47.21353373299516
1.1255572180596005,1.2517830596797987
3.826661123838023,3.723801948908672
4.453579144992948,4.636103179963874
79.94216914691232,78.06707675228307
27.851127013172594,25.938315642915192
37.682894430066575,35.74488789665559
1.1220216029274854,1.286941229861301
11.773579725843101,12.722519435218372
17.3083722020501,17.753345446721664
2.6503199577921057,3.2209344451384525
31.441199590796234,30.010931219634266
12.89894702494702,13.681828464648328
79.07530076426507,81.4067118029212
2.9569624896856226,2.475986963510012
27.203431792169052,25.30549632835791
30.27088029654054,27.05912769838278
1.3181690332328793,1.6096804799494895
6.155789553718423,7.125133142072406
24.722899682242822,25.791835920006147
40.470829085068324,42.26425171387766
44.854785166718436,47.46721978578339
27.716532468985278,26.315612155040924
2.3668371901534337,2.1720413470533635
7.276620714677173,7.870489515729902
52.904156255733376,48.45739882926291
23.774749406312626,24.276186232402196
10.461886132770367,10.047128923653236
15.58663164846048,13.633786577844289
8.021974594493035,7.149113277152399
1.8662176963002939,2.071006871725502
17.202706039738246,16.352803567567364
20.353789707632984,20.914252978252858
40.11586891048986,42.33331308806144
8.340211962159009,8.950448575014384
17.518115221497528,17.5781772999367
49.186178205642214,47.918658840551664
15.913825602554095,16.06846812421395
2.50304076622738,2.7936014144007593
1.3021893535691418,1.4230869848112704
8.813727648429124,9.307362210194183
29.700933680894586,27.026731450215152
4.314467825992459,4.141893711885165
4.596490698480469,4.539549907579955
16.867788610650553,17.47175400899312
46.73106978449844,46.43909067011892
7.233703007820823,7.202886353054062
24.30721617784088,24.54070433100329
2.5156194853267646,2.20449773945941
4.276465973518387,4.472277218170572
16.30631832877234,17.709329427631157
29.390120625216078,30.283666473189125
4.2243579310512835,4.7811842611536415
0.5138575315625568,0.5687679212794449
2.4627278977259652,2.3167067688393677
60.544355670061705,56.10232615714934
9.646542326286134,8.650751909394144
7.543287684550305,7.760148078702882
10.817661447386,10.331353320798575
10.015654124536791,11.655983962327074
5.008337010202989,5.454712919575392
22.08777322549163,19.47271292859302
17.200425471450075,15.856348123863217
16.824633361637215,15.533106923918577
8.823950184507678,7.730091216381889
6.657884655293228,7.457716980601442
0.42127532759650427,0.32121102857787237
32.94571804113815,30.019423212783654
9.335048089979388,11.045688114759654
34.22789388675713,34.4707920487735
40.17840325054824,41.84124289530683
12.280531522027884,13.250547983337702
39.80687836535975,39.3355916780799
4.164204706404185,3.4327794815069614
1.2535504522971705,1.1979162361548144
62.39053413723466,73.44792591415683
2.8389741412849254,3.026177102123334
2.255325851650914,2.1751612907501436
0.4976016063682675,0.6210066284106598
22.511946675698827,20.477225233846283
2.4790402792792094,2.385683725435825
30.913129783470534,25.75641448608776
2.1364073793689364,3.0153002254311123
3.873454467978328,3.809631599019203
25.824821190218145,27.329717002314414
10.09798142546373,9.35439188904213
18.219812760314017,18.32411348739614
49.542174128573286,49.77538957461003
8.372404950155296,9.739175127036006
21.084981429534125,18.5664862360255
21.24940437200275,25.220462149504513
33.97615797804981,30.787605915361247
11.078426311949816,12.84395270198964
5.260321455942181,4.887042236344281
24.843216777495144,26.684698534128415
31.081637072020218,30.822943786784176
3.491240734897466,3.238451777883645
9.880456732290488,8.24077377922263
3.4741152608006467,2.93959568988766
2.712757444349335,2.5029777163495455
3.5258269184447975,3.6599129863542825
3.408291522145431,3.7602906983971587
2.1455273321307553,2.8073183743764805
3.825288184664635,3.997584698214729
3.281651476992105,3.790277610939118
9.268529453349688,9.153674257792366
18.690452212018712,19.141931342848395
4.92891393500063,4.617039271243979
14.338388741460227,14.469894360235575
26.875283360177043,28.42089828401889
4.44127270721297,5.484449898793669
1.6842992229972364,2.2411583637121737
21.456290072947805,20.70367544211275
7.0434632081833595,6.7195453413057
9.04210098503409,10.238329861234739
2.5568477498017845,1.9196563290197175
42.33314129704315,37.594930574790695
4.650784851128188,3.924851405728617
9.577261889859788,9.612998611102391
47.57616998247185,43.80984878274102
26.712473556578267,28.00570665780394
7.038305194819378,7.987711119749289
1.416940590450386,1.5026015669269586
1.4559269294525674,1.3324031520507333
12.934746775922488,13.826931628966813
5.139059511080309,4.749178947692453
1.1621987905112896,1.811595617114234
12.084494157643288,13.24190393322042
18.08794015701429,15.85398279182592
5.185832913311455,4.173408675617037
34.687326550178796,34.275199198665796
36.50281313464523,36.47164799414747
24.75355560833416,27.03048086975322
1.8051513975996323,1.8261217304089654
15.636756726776023,12.226592769781764
51.881699722366555,57.576217537407494
0.38282196111011363,0.5284695897305729
16.441789532693093,16.53464047967416
1.0524404604915456,1.225192788767906
11.759583501045535,12.969642263708813
16.080992653626335,16.49293309868364
4.285616560638095,5.849393801639292
8.525411365131896,7.725258168852191
4.177006093946149,3.9223998396654185
11.001717879385017,10.882129780573782
41.77493402941855,41.87989786891941
3.1924470926172774,5.080095010840619
55.234060141874465,54.66710298284225
15.126809174515019,15.443084077201302
2.267207821160305,2.4831871483982333
22.368115810064108,25.11732957598886
9.09437836870107,6.942298532774128
1.9276872447095006,1.7909143872637086
3.1064063823643266,3.1569991414860232
9.25744784842307,9.24866466930147
6.231910563229261,5.396619490902633
12.587230004115355,13.677704716830535
0.22651543278941372,0.18952908474018196
11.546226477208997,11.360621671769541
12.956012512565003,11.324972478119028
1.1824945143354126,1.0655514423145596
8.999750520106566,8.2837232184622
10.163497464094636,11.57781827249793
22.88443466235471,22.368493422990685
13.305860275309868,13.627222145452205
4.057100678123213,5.4761254063648765
28.48077407837097,24.564712990572744
6.28226028636317,6.738871672598993
25.627677147801098,26.69807832140032
78.26817973687167,81.89994006620088
6.737561288604348,6.608727521424217
9.351349439761703,10.264994180722143
44.993789019538795,45.59336969279237
58.77355211256703,53.517267153172746
1.6308882259128619,1.707621461926911
32.827257541863524,30.46088559459741
25.43000122710334,26.42089972315882
32.37995676467797,31.145123004923214
7.577791276644995,8.720144119212005
58.92708025856707,65.9915791885058
5.190787490836265,5.520912311166585
5.168834890623322,4.487890015284982
1.4059696779260453,1.7423763209171061
2.582977634307254,2.135180023007719
20.328094430529706,20.000758813201664
7.01720210502118,7.2283076414168965
11.817575601963455,11.750227170870737
2.19955011454451,1.896709879839973
56.17817631591151,56.55071856880826
5.323488572411868,6.16656634884894
1.2884470129906822,2.0434240188851085
1.3291975550646187,0.9055608354557699
40.68834965926923,40.48034277992038
8.147748302873737,8.667696450390796
26.805753860585014,25.41983301852345
1.3620499165626558,1.3376296674813504
1.9410147178956798,1.965967033345751
26.58633829993948,28.53771050006152
30.515467770036516,37.30268480568711
6.177950253131628,5.87724487882593
7.163686496002614,7.508581925243885
43.5661461736247,41.27928662779974
6.816068146272994,6.9825569266996865
28.06387898389843,23.753716951418337
23.248248071926508,19.476294347586343
10.721435583867414,11.904805567072858
38.60769399799522,36.14592496709436
5.431193744421255,5.057783744037945
17.449819103581163,15.713231154779685
13.974882610205453,13.319119909824517
44.35371351739826,41.99310048521111
4.288686827694762,3.7784237733101578
3.3008599802217176,2.892197259250345
48.07667084314636,51.99802275176172
4.245920177612478,3.403052117639059
3.9525869325545315,3.392501069188759
1.7973831832371647,2.0377179458275485
22.472133000150475,21.973858925448077
1.1273147200110698,1.475754532671873
8.311834389300161,8.288005756131675
13.531615106769369,14.445071940040005
39.84783558746749,38.89197120322514
3.853115377923847,3.2389067263061793
11.220214031973478,9.856512782768055
1.3226001466343593,1.656689276172551
2.3233047228874053,2.6519187326585247
9.074799091108952,9.266484843019002
44.94287353222712,44.30179462985048
4.199712959164743,4.409923365168762
12.51782505411654,10.27926470292206
1.0388428124951525,0.9190904852254301
33.582236574265856,32.93338504854264
25.16778194005285,23.704818213333013
9.27597988471115,8.773754759518104
5.773370320640667,5.273605603210229
14.787308121685944,17.04835838866289
46.13194983422946,42.313843210096515
30.939562455950423,32.216504912491416
2.368997789632368,2.5647237455335343
29.78823684574686,30.33848680564936
19.56996514130553,17.310298922248226
19.7451297914442,18.884591897271342
7.550649089691639,6.454752971534277
7.563888380341355,6.323782043389957
0.43978616275255344,0.6112767436874975
4.4402881942830135,3.619735331799645
23.236213397734847,22.21641999043089
14.321321447331792,13.194454060883444
3.6627034275950274,3.673873843498418
1.512550560876408,1.8954746376271026
1.5031502896103277,1.4894376883137201
4.455165242620369,4.182321033811302
7.150836892767669,6.200991684399456
4.832452743853765,4.388726789178564
4.781126426504526,4.780923911890276
0.5377266530531772,0.6501910898276029
8.703409003653917,8.876401630779785
24.964409185851068,23.31198102010135
20.080413659914836,18.02703941898916
0.9514683236974503,1.037094532633536
2.9454480185442558,2.7847705564150314
13.637724884078523,12.720102474649682
1.2245730881069674,0.9921084942508154
23.309093209731074,24.56177192604719
3.9962648264573652,5.845668073159341
5.647347352719655,4.991288751303217
4.6928101651604495,4.937307149673767
67.39770066188018,64.22813205381625
40.14596928414972,34.10334637098918
2.2022076281360237,2.2605528207409873
15.689124773207961,16.32306322037207
2.616862516051474,2.389747641693954
3.1443075542228103,3.0776593991397907
0.5599676344524475,0.5975511334017378
38.49034950623742,41.98920870629957
62.968813361944896,59.8503309306751
5.195559507929897,5.714968000480267
5.127326551714626,5.947456850428163
47.85815975879585,46.02628675049021
1.2879997246564994,1.2553441667831229
24.102398412370132,21.338245359136376
3.467445822031096,4.027256352027258
3.4852984569435694,3.070775499438588
13.966395734940948,13.702671664907816
39.54578717929384,40.02920204444824
27.480737393111365,26.597882560014614
25.177456326465432,23.980194479457783
2.1962808253224724,1.7421682218493466
2.753215441347286,2.975993564723577
12.0834230192179,12.685409295687156
37.748282136900436,33.897513878744924
24.98184609492161,24.022898936004406
3.637747100743585,2.9050521368018694
49.21647117190608,45.58241886539405
9.104010035720895,9.592027917358218
38.855854097761146,40.22699591713177
28.79316262237349,29.583897990151122
3.1942503704270737,4.181424513838334
0.9458938750450059,0.7991714139927565
12.15702030432602,12.201705969644905
4.936394029327059,5.682059210867837
14.758689824178798,12.363355883058222
13.884080299964975,14.8021293503471
2.0960916378727465,1.6373335017487356
25.757393730410225,25.2096747295846
2.2839882291320692,3.230414082775756
11.4466400445019,11.91790572426728
4.895493661377767,5.207974216429099
26.377907904757414,25.17863716087292
13.165294670179408,15.681240066656724
4.653487237588667,5.8462063095838275
1.255905191753649,1.1339662731647229
12.282407841004309,11.907360068611286
5.884586149872881,5.868896989291281
3.0964458619808366,3.390900013462098
10.282519355640519,10.32577027264197
48.128995128744826,42.19327901552115
10.354990095381453,10.298938810162488
2.37158893338525,3.402723432024341
0.948913449712602,1.054073676794351
5.695589528495584,5.893908887857211
17.686572939226696,20.296824191300104
54.95658523375967,49.34285605458681
2.7685320404065896,3.4942207987280733
8.269336961594165,7.600581911166184
14.924064030936748,13.473557930318316
7.918890577641576,6.366813303477413
50.97816771785435,53.63044640935413
14.932198875212572,16.100586331258167
18.21595549297047,16.854704309734913
4.527802566825127,4.165944740799608
33.89022377209724,34.25931477522791
13.471107375042086,13.333929141816963
1.060602163788707,1.0931526981691322
23.528630733304404,20.49985936460148
18.100431532683395,16.69560599899538
76.44671542700878,81.62534415850276
33.15808631954888,34.10156317784431
1.2392520000354104,1.7803725201031515
4.21757932681148,4.252619521280697
5.90796621781904,6.779625245086863
4.380469833254452,3.8527883529496534
1.953702359093455,2.255360149995714
9.08424256794568,10.246605464737303
1.180225025547244,1.3872383743546748
5.126685001650111,6.082362423468898
0.8172084281666819,1.230801861821989
11.302616787834083,11.558891592276856
1.4965083981846787,1.786410670361518
1.3119711917502965,1.1927878157331278
7.891137715437288,7.8136341847945285
2.5187935359615863,2.8768723996968606
0.576340147895941,0.7221062139462395
11.209438439210402,12.287175118013971
4.3540226698716245,4.540791211901165
14.56022859248281,14.740079934358874
8.914282989409788,5.576067578532001
1.9504219105726144,2.1395764943801137
7.4703237076511515,6.45693634639382
2.670787168960611,2.7396438653077557
2.803341414404138,3.0968051435750725
72.74979169534325,74.30210940328764
30.7063870833718,30.11074385592262
14.660639726042595,12.089591555989532
31.706399934278217,32.737569436555795
2.573055953935641,2.895244373693991
31.374448085599997,31.994360462470887
2.099819130366303,2.3475046661682564
68.47390918199946,67.71537428051323
26.610096499577804,26.371439575657732
10.93458873226677,17.11880357971758
6.069521748385511,6.3603743187351185
67.99864697869512,73.0090977737059
1.4543020962608482,1.400022856697287
1.945786366673706,1.6538031700087192
0.9417037303605276,1.0145910328943073
6.578834957380567,5.930555475556416
11.94750862799383,11.792806342401612
17.02098212692304,17.98898627334702
31.232441596418393,29.137296505393266
8.413908023831265,8.955626737236013
15.133279537837518,16.11584999245641
9.835133011549216,9.198417169302326
5.863801103797447,4.871167690043489
2.0293829484595975,2.6570885950210164
7.129245183028214,7.168067493199549
25.126990786111374,25.119910109128497
41.948491780328396,37.120376664838346
3.608390752272287,4.313212070824933
3.468576322185008,2.8621361474816003
2.9267631463160786,2.479668090183774
1.017350459845683,0.853060384163592
2.657997836260153,3.4426479705327653
13.276437197953447,9.597454920706808
7.058674557116255,6.518344685897989
29.279517013602298,28.48236874466683
9.090570528137535,8.781782781587024
14.497984651716688,10.83578678776993
5.670786033691428,5.907434399863989
7.284598205922524,6.599848376479654
1.1190859658249077,1.010580473116837
12.15514422326627,12.748459109631785
17.852687471176008,16.561265352272585
14.080019213985892,13.822087382442575
31.081646389086725,29.944786981387942
40.670667745240756,37.60350958505668
5.473162959669421,6.383324148288318
25.29380019586427,25.71982732780545
5.514884712206958,6.363310124269136
14.710098646425436,14.447020482230917
1.4630751771317991,1.6253103311679036
46.532914350608486,42.29616822332147
9.196027278572949,5.689486568646354
45.97523230350182,47.288809880148165
26.892088290276405,26.721059338051084
8.529718625198893,8.994896367960704
12.614334518817358,11.419188127614776
8.490407293407184,8.068449800955126
4.703051896868168,4.1198883656030265
24.324786666509304,23.292417360098263
0.7388902978317275,1.0474147696430771
5.463130085321401,6.085654883228882
6.213384714605244,6.806779368009326
3.1107750230958877,3.197707212904452
6.121938570398097,4.881806496236005
18.577210672136587,19.979053883506378
13.574591380156704,16.415282351456476
1.723438767479181,2.549257581540999
44.46231181074795,45.43894724984541
18.052616680491706,17.2170431677041
4.833211179985276,4.1735856907341455
5.416777559955847,5.172933429603868
3.9133680552215933,3.7059951442971424
19.173971027362704,18.74526936350788
6.102779957707198,5.507227830191667
0.9837573786006588,1.2174092578050277
1.7208853315320713,1.7093536131058102
10.911304954596133,10.970807500359577
5.488996144922019,5.49334664357109
4.875372531285657,4.560986727030626
52.051463260517245,59.154244806819555
30.183763070072335,29.134316320890306
16.73009536617003,16.313526847423162
13.601840215827263,13.562501370415012
11.031206331355405,9.949841898611982
55.59949756451932,53.7448895216924
15.436842267193873,16.899484906165252
2.616034876132459,3.516292523491885
0.32336574584179556,0.3460702692136853
5.8354035475626524,6.580483259032073
19.906237479047544,18.314079002968608
5.427742300685864,4.389498327321568
6.167533508724385,7.237657661694807
0.774088338692093,0.8696860305170612
4.197226981508125,3.479594693129252
24.248898166845596,25.706739340067358
2.489110604495669,2.3883289515735115
52.82445753218831,48.951479151358896
46.546625942302924,45.757848624265705
2.1855851534506585,2.7086311006962234
15.278212090536591,14.94511212757818
24.005883853206697,23.51422519644367
5.052572949388886,5.247601803232804
2.3959323743539245,1.4994353086735983
55.147395975249474,50.03435275599291
4.791797275888039,5.932058699183521
3.8479389254838896,3.444803223851881
1.8983065341782623,2.143225196304412
41.73917590686054,38.73100202090825
0.3484440199772376,0.40426138299128017
2.3935951895013936,2.85565276353818
1.7783503961595133,1.4903445017166763
12.0347159764005,14.505670816008397
2.2090669778292726,1.9512278599557233
8.379291251994221,7.647068704450636
2.737882542802382,3.0074181134311497
3.3514383564059167,3.5515125799097698
6.046350716081417,6.696323544640476
15.499239905912498,15.437353958945087
14.35714871967011,15.965572302257538
2.7649908404244505,3.5218873947214684
2.093394101569759,2.095196573027397
40.89810241068036,40.0250934907837
24.33310531708179,22.96532503907619
1.1816933763548627,0.799466890118373
1.6635616925128716,1.2148434556670615
55.35355601046012,52.30808323871802
8.858012316439005,8.061056250670417
27.351523757463863,25.980868659798855
57.736079785553244,61.08449031003968
3.285040307054697,3.028668333639121
1.3313156484345257,1.5029734725727824
2.1332939746299,2.170176615038177
1.3058794575783408,1.3661877237527802
4.545339282575325,4.852259126719813
16.49217558526349,16.440806711902464
3.052036118426092,3.683567068919852
17.50187555522015,18.2045351359584
1.0185718599571325,0.9664607535953259
5.990417531181661,5.4926017891522845
3.670756512327267,3.2382617123558632
1.9865585226189828,1.945664358916081
82.72823857280908,86.79926310257277
5.818674369057704,7.019831834439356
4.285292420991282,3.716388684149081
2.8118300471462376,2.569877203898063
5.543506665230348,4.1802580640286955
1.962982373847279,1.782134659435586
3.7147011067954656,3.469899840185783
22.848800617626267,24.320663112311117
23.230598789309536,22.058755483309067
57.67334043090899,55.205369897551975
4.500867442399148,4.655904516658942
2.2760667544156976,2.9999769366942473
37.11203025736255,38.24542493928447
4.678934779889813,5.0288876793185775
2.9755309283686886,3.204102038768431
1.598730338547938,2.6645801716754844
18.2910391517745,18.434958110036362
7.039817022680153,6.590211087417513
1.4944832373482122,2.010914038358712
12.057006297248687,11.298088607635485
5.4252106446758015,5.434502070532752
10.167443355186254,9.41608239313903
1.2568006460087906,1.2340186592161098
13.066320131653887,15.031334287458622
15.64046808200114,15.089209234454536
7.584580946759501,7.884106311998097
24.45081106353651,23.87707743981664
2.448293710442464,2.3557087796652136
26.3054624440529,21.489011607042926
0.539558709079304,0.5944830026215092
4.359416032381976,4.5953227753873485
2.5574441823640135,2.0559819885866077
13.832592896507407,13.392753596636389
56.362499317295985,57.952916034693104
0.6293610148513124,0.7809074246754008
30.89189380427582,30.852344819824637
19.80875068286039,24.06301303110975
8.409174770226862,12.496869344461452
12.06029173253007,10.889073336328895
36.76901700635633,39.76899634517689
57.88102924201437,58.22266923266932
4.126385864542177,4.170366346538912
53.84426107909817,54.31801954162809
0.8961240302128752,1.4359461370510962
23.44589503358078,23.317587247120496
4.174855156057728,3.0069494846246183
12.921494499609338,11.763381414368482
13.75267154811109,13.186102665387978
6.221713807692581,5.81577365684939
6.03882081605622,5.558613236337273
14.620678654528975,12.931944144607176
32.46788783338827,28.749379404627646
47.910781912219846,44.011656137438806
6.887209523450845,5.827037076611983
12.947696270968281,12.696322638967121
7.782467997898392,8.995573525943254
2.4168116655283156,2.4539544989033395
5.248794371272801,4.923365652722185
61.24463810681539,66.4593550701259
65.84100981417171,62.317614199942824
16.917858718591724,15.731620957194954
25.801400279126977,24.966134782983385
19.220174918332994,16.71260078945355
0.6367789997387872,0.7790753641712697
4.591714352551567,4.515332493164068
8.019740727321665,8.67817587289881
36.116106812671575,39.74452143366353
32.38978309631706,29.243954324598338
10.07750551344274,9.501752818201327
20.134135495446788,19.789173431351816
4.367243995018186,4.0717262742321685
42.24494898403492,40.99665845959963
9.535108802189983,9.489131054970729
55.838052807619604,49.63938274348604
2.2026119937885444,2.6261070790243712
34.744397506607655,36.41708659787488
25.13373363918852,20.156313477139744
51.49866027976984,47.40814299345268
1.647760484656577,1.6847734333653872
8.811516279944076,5.846727804443428
6.2669216508220345,7.0065413223233035
8.388618424574902,8.103343968137075
12.764910350023262,12.768021209257492
3.7646182433238398,4.179393156860935
10.13242801793179,11.666167351302521
9.695405739079177,9.699076669428862
4.747343703987784,3.9008460664580378
9.044593602156578,9.676889471165016
5.81532375130859,5.688891639529656
72.22310359158868,65.65279353736845
5.4524204886616126,4.819165746056502
5.472406096894916,5.133511426200841
1.6712428099355026,1.7551781694087878
8.812462457971069,8.898830914608784
1.878145373111806,2.775617818781578
1.669724290081842,1.3927903651341604
39.79768823491069,43.03000873504859
18.67658771830933,18.16537464620634
4.45544736629276,4.098402368538991
4.5092618942692155,5.163992633628851
0.7100363319926573,0.7380565623520893
16.17488933366459,16.043795922364577
10.431464641011365,9.316749994781913
37.720549145338076,42.35686672791047
21.935655170563287,22.304073650335667
11.692418401281698,13.98233485476946
9.877007782123561,9.882981196744874
39.1197887163206,43.14075044827067
1.5381748537420616,1.5167576827039553
18.88221928295595,19.12132232311224
10.184185284757154,9.137130085222688
2.2829965926111484,2.2941405096906804
4.608930536462847,4.084005020225502
2.765325090971263,3.068179536513052
39.95201978344844,33.821411125471464
47.99540714581656,42.45799016801306
4.196434631089236,3.866227386329521
2.228575642376981,2.6352648726713697
0.6074491273128684,0.5660262082086029
1.412608734179009,1.6441559515561233
9.82868094923238,8.628859513835877
1.493757259696944,1.6713509132757223
5.406082816659249,6.521906706802939
9.928202495332197,8.989684618315941
4.103354745956242,4.514290535237756
12.07068490131228,12.487250633729229
15.527115989147536,13.466547720519491
42.325134542334226,41.39673799470041
13.46870584499099,13.49385114305066
16.334244327151364,16.60725768424359
48.69738933487329,53.21261813662358
4.641043385259973,5.146025682391111
6.663644978006013,6.398080687689489
24.863766328016677,26.73400308887606
6.966119138232005,6.246005977401748
78.02716165638692,78.03745495093614
6.044224666886746,5.18340921371051
6.268298664536297,6.787252018295259
3.455636860779155,3.224944837519743
15.64169103181818,14.663363168839476
44.614587657579406,47.97818205574491
7.7894676396108125,9.074119114469326
1.6516064021182817,1.4512657530362834
62.507730631380895,64.50854986394093
7.172533780899389,8.095373670310117
55.47557257688983,61.58893327899373
24.60645703369466,24.40415812480352
16.54974608686084,15.417119172637078
8.16993396957407,9.845108700451826
13.405334710817518,12.77793195473271
34.91771484480082,36.98959972370434
2.4234907322937453,2.4233555118228187
39.05839452049348,35.78025057183378
53.17116598561126,53.84935432470006
12.868950695462061,11.470174359072178
36.55059954472584,35.9621201445118
